"215918_s_at","217046_s_at","205941_s_at","202524_s_at","217428_s_at","217771_at","207302_at","206208_at","206209_s_at","213715_s_at","205637_s_at","205107_s_at","217177_s_at","204396_s_at","203435_s_at","220027_s_at","210608_s_at","49111_at","202523_s_at","221861_at","207547_s_at","205200_at","209470_s_at","210081_at","206283_s_at","219719_at","209469_at","212115_at","209793_at","204271_s_at","209875_s_at","43511_s_at","219508_at","210838_s_at","202148_s_at","200878_at","209904_at","219125_s_at","212975_at","209074_s_at","201004_at","204500_s_at","220677_s_at","63305_at","204677_at","216620_s_at","219059_s_at","209789_at","208981_at"
7.153849773,7.009421288,10.21883138,9.074460238,10.31972197,10.66908883,6.543055779,5.850308469,6.971026822,7.065570478,7.491655054,8.013082809,5.685155367,8.77647053,8.3104445,8.684627681,6.260101111,7.905570007,7.982143454,9.18950832,7.193007558,8.698560081,6.454032525,8.938857271,5.974363598,8.114131516,5.710697,9.911207626,6.142993549,8.361688199,12.05057494,8.508922292,8.919291454,6.539480487,8.006353437,12.15478147,5.573302239,8.456683523,8.519979737,8.79845236,11.95458194,7.070315943,5.879061828,7.640446903,8.210323422,9.131957363,8.358244661,7.049725133,9.765349352
8.729790817,10.34410105,6.915342796,11.0231181,5.545015655,6.985966681,7.624117503,8.262916807,9.976652367,8.379955577,8.554076797,6.72658356,7.401671687,10.62317319,10.4768372,10.39558934,6.57371325,9.191527125,8.867625389,10.48943737,8.89465199,12.07781603,10.04264671,12.76051032,7.587771733,9.388541617,9.164240984,9.272136979,7.809321435,10.44580316,7.824963839,9.846434718,6.469155447,7.789476224,7.496589965,13.79096865,9.6883113,8.244429032,9.474649536,11.21371841,10.84072989,7.656569268,7.736548891,8.602760341,9.806784178,9.953581146,9.365163363,8.030673097,11.31322756
7.354446038,6.1595177,8.663879641,7.83926038,7.214950855,7.593346212,6.882609782,5.592893325,6.998835756,6.730026875,8.011361076,8.778211626,5.503344902,6.647853274,8.381179444,7.950319976,6.913996329,8.050219079,8.202184554,9.373606202,7.262629918,6.515484994,6.077724932,6.236950082,5.435783445,7.851053881,5.34637208,9.84239616,6.328199354,7.815680065,10.71979692,8.567219704,7.953348301,6.751977274,8.92901245,9.624238468,5.009753933,8.963650326,8.267015028,6.573177103,11.80801153,7.196492214,5.406182028,7.500290644,7.526138423,8.864151542,8.011018748,7.217784698,8.261812872
8.835392753,9.77050254,7.436893667,10.58927694,5.584804246,6.966911247,7.680736893,7.92758727,9.763545208,8.274247865,8.824406228,6.500174454,7.558806942,10.67184861,10.37294791,10.47919378,6.715256737,9.080687712,8.707476067,10.55177339,9.729168179,11.69193591,10.09774001,12.17016179,7.708352514,9.259214087,8.476517385,9.250885403,7.64410439,10.60769991,6.971390415,9.978181218,6.688242409,7.056976311,7.575025288,13.97239244,8.640712564,8.205810398,9.277294791,11.38260725,10.6198989,7.520435424,7.351726379,8.79018533,10.07826728,10.27551247,9.231949163,7.457135866,11.10760811
7.283534171,5.893807063,8.469896746,7.813737264,7.731352867,8.812510765,6.881417742,5.559623615,6.850391638,6.785934952,7.783015372,7.279484626,5.579294812,6.775871556,9.945488243,8.17238396,7.283919868,7.941384134,8.014574081,9.210721633,7.07457787,7.656737352,5.730553764,6.766629139,5.75916379,8.209085494,5.242651956,10.36164254,6.206079023,7.799564709,11.59258449,8.359577553,7.74872662,6.553007373,7.872159667,11.07898163,4.940311017,8.626820533,7.799377141,7.357722075,12.7586131,6.85520989,5.345721317,7.563878974,6.51744644,8.699511932,7.821979441,6.936313743,9.51236887
7.106968054,6.244765633,9.912277844,8.383708987,9.287301329,9.168979668,6.707758874,5.40637681,6.748793378,6.801086118,7.992054248,7.746153283,5.721662225,8.939531217,8.494421048,8.183833098,7.249696563,8.037817558,7.996520681,9.343076826,7.393807131,7.737645656,6.082889354,7.719830681,5.895466995,7.819183985,5.236634506,10.27777656,6.216865018,8.033666446,10.10244956,8.508885245,7.080100929,6.553263061,8.982476975,11.48963429,6.088655779,9.240923278,7.929005682,7.996503253,12.22836135,6.702317552,5.456326473,7.653847104,7.381125202,8.684640611,8.134247266,7.123277814,9.963856738
7.609908488,6.003936274,8.106333024,7.424194915,6.757829206,9.182515794,6.726456494,5.412926797,6.680410752,6.841518477,8.076090949,7.555154469,5.740300406,7.244103992,10.65939223,7.858541868,8.662736693,7.756492004,8.181459683,8.95665092,7.316800113,7.184744309,6.006327529,7.101196718,5.80544103,7.889530065,5.106795748,10.55468576,6.312521065,7.881398524,11.12733,8.013152694,7.369709268,6.796437426,8.807105139,10.2638881,5.082307905,8.833419889,8.149085746,7.220028036,10.82914096,6.860340859,5.627352881,7.647171455,5.939049236,8.885650816,8.437818449,7.168959205,8.862150171
7.356629585,7.752448057,9.341711259,9.25154453,8.241104732,8.329498096,6.807524409,5.97302504,7.066002258,6.859352588,7.917231912,7.333092239,6.178602652,8.762718683,8.335484699,9.086155922,6.745862028,7.580856695,8.314403346,9.013817926,7.370630794,9.171504718,7.255101028,10.06915962,6.187463034,8.96465443,5.732358535,9.788827575,6.099368102,8.923710835,12.27376725,8.251567818,7.059265581,6.858311742,8.465737278,11.87152193,6.686997745,8.658140353,8.81239563,8.243607711,11.30219083,7.28007762,5.387672857,8.238382636,9.115684307,9.427127745,10.22174517,7.294137009,10.38746103
7.463079331,6.375404343,10.50141435,7.659860352,10.32689069,9.062090612,6.786978853,5.49839894,6.837741323,7.11255742,8.043178428,7.343874499,5.539155301,6.505241198,9.10855603,7.803979027,7.164785206,7.822027737,8.166992249,9.087325878,7.237486255,6.308475885,5.881748596,6.411932638,5.858544666,7.561752751,4.976041872,10.51637178,6.598938838,7.619858134,11.52260705,8.275245406,7.385446498,6.841292744,8.740533015,10.4983274,4.841190159,9.138318338,8.054105536,6.525294052,11.53042031,6.745239658,5.706313222,7.477795253,5.332512115,8.653718485,7.960573754,7.184795881,8.859343436
8.234818721,8.703839073,7.699249012,10.06215071,5.760531977,6.899902316,7.158290024,7.125658044,9.022516268,7.540096745,8.532442933,6.534998058,6.47696483,8.762600134,9.447676512,9.287557442,6.570508457,8.793115428,8.914802598,10.26646191,8.853818501,10.10733953,7.931318635,10.68537706,6.737099779,9.06056394,6.95268048,8.994584929,6.714253698,10.05156288,7.65937888,9.366374097,7.030331538,7.060642277,8.43804206,12.84252896,7.544551929,8.43425386,8.867177958,10.14757124,10.51316235,7.231841956,6.710074509,8.11073688,9.288823654,9.354467814,9.007827608,7.936671102,10.7422339
8.347264325,9.504695714,7.721757092,10.25924948,5.835083562,7.822923019,7.32479436,7.798334288,9.539948641,8.570256001,8.613237083,7.06091352,5.781462271,9.935203838,9.569238828,9.819946215,6.218777727,8.574791553,8.594117283,9.837575633,8.731544203,11.16047371,7.720869904,12.14507533,7.304277035,9.415006339,6.422875095,9.812282367,7.018778233,9.542728364,6.81738797,9.06742827,6.740017181,7.261509922,8.145120157,12.50249411,9.092901523,8.746119169,9.047045311,10.59964131,11.21163072,7.079479535,7.101714148,8.518193784,8.967646161,9.854730565,8.308168801,8.19996082,10.90446659
7.103623474,6.46088811,9.038452876,8.243137953,7.996930969,9.69483626,6.899231785,5.629186078,7.228189073,7.308054241,7.673128975,8.005296221,5.23015737,6.739468213,8.593751842,7.900689679,7.753471766,7.721826043,8.155240564,8.9800351,7.392526231,6.953248273,6.17748304,7.41971238,5.730961937,7.926550458,5.197527057,10.20225416,6.461926512,7.503784962,13.01259513,8.22214359,8.34425697,6.66323082,9.380791748,10.45233501,5.418698679,9.697730303,8.090567109,6.909819104,11.84821379,6.737040344,5.879702397,7.703416265,6.26540046,9.132546989,8.015242123,7.138564257,9.050440098
7.522149268,7.251646335,8.132222704,8.052290944,6.570910748,9.486752475,6.914554154,6.319747125,7.52674797,7.084894985,8.074534186,7.031815793,5.361655622,8.182804337,8.848750591,8.071715147,7.686100328,7.814698753,7.97365007,9.194969708,7.281543001,8.184919527,6.419380899,8.944808897,5.941181815,7.844904158,5.124990522,10.53468727,6.33588095,7.735993618,11.59981859,8.234981952,6.910582798,6.670676413,8.912713121,11.3834869,6.118087804,9.042386348,8.311650236,8.226489127,11.05774108,7.033967256,5.598136024,7.66542418,6.576429615,9.1162311,7.971507406,7.225717662,9.309743797
8.16165656,8.457558689,7.21776555,9.270639587,5.822251701,7.67992118,7.079694843,7.325012703,8.88165095,7.57504636,8.328096731,6.715465136,6.050742936,9.263790887,9.198768155,9.106769192,6.73948855,8.613606037,8.363878197,9.874965084,8.191934661,10.42326907,7.581956168,11.0174357,6.233709843,8.874921293,6.175823743,9.509957176,6.483249777,8.897088435,8.229329699,9.168118285,6.633577117,7.194686085,8.065521538,12.36246625,7.954839138,8.78864398,9.048695074,10.29925329,11.11011992,7.360608073,6.442779625,8.348060942,8.186649455,9.45425379,8.743411623,7.474346398,10.60641902
6.946762857,6.226780749,9.846026822,8.514473756,9.697251034,8.508966035,6.819473529,5.857028646,6.809875612,7.365329937,7.94224571,7.753299166,5.197163561,7.154326659,8.704929927,8.455168804,7.469767364,7.573123939,8.101794383,9.093957113,6.968510759,8.95727707,5.995814784,8.146814261,5.556184803,7.817157742,5.596306624,10.63188848,6.31787799,6.901511906,11.21106093,8.498747798,8.283978525,6.7971524,8.665360738,10.65077335,5.301969352,9.034926699,8.328392438,7.00479402,12.43493967,6.471322626,6.009176381,7.714271276,6.876858022,8.279570032,8.066376087,7.216269792,9.690126087
8.230070257,8.863911196,7.57000955,9.67017298,5.810157336,7.400194517,7.698878984,6.809097231,8.712782705,7.988543386,8.651192017,6.66689723,6.640844835,10.1822979,10.16093252,9.574190412,6.237374647,9.102168808,8.479809976,10.2134234,9.460371212,9.408935423,8.913690218,11.27088146,6.715037271,9.079203618,7.711359688,9.38578122,7.467574835,10.02572267,7.022259379,9.507769161,6.861735093,7.394666358,7.917066399,12.77804512,8.08998355,8.526895845,9.207216779,10.98143526,10.11474901,7.276790937,7.628710202,8.71411214,9.116374451,9.68960711,9.177614285,7.483276089,10.55439665
7.150212342,5.896832266,8.659528115,8.140230454,7.653088089,7.802985328,6.726623796,5.805011234,6.749515966,6.73947922,7.840757983,7.623669401,5.368151485,6.874428296,8.35665245,8.155235372,7.169361574,7.560388516,7.852425307,8.953320881,6.996253638,7.195706101,5.944986043,6.685747996,5.816943127,7.710346074,5.19355246,10.09131591,6.001582047,7.326463965,12.00519196,8.121947981,9.221865766,6.54854482,8.958247589,10.68376985,4.899354989,9.310748986,8.158497315,7.036560435,11.55665915,7.051045161,5.362363497,7.513762887,6.57217796,9.604975987,7.83234431,7.168455945,9.000907771
7.102947309,5.829663763,7.589256921,7.523331024,5.896993898,7.709157734,6.744535816,5.606948284,6.595785198,6.665290691,7.910961988,6.495109164,5.398311053,7.414690466,8.479366377,8.385470156,6.275356656,7.609777825,8.075299801,9.069402941,7.084093688,6.327324479,7.932183886,6.593288507,5.82930738,7.633975913,6.814016721,9.92980963,6.173895931,7.627045043,11.34191086,8.138251792,8.43053391,6.546154568,8.773833678,9.263436698,5.025207972,8.820069264,7.721301708,6.482680257,11.48690682,6.659753177,5.280783474,7.338429644,5.736560608,10.77918072,7.792552147,7.181010566,8.603319592
9.18491455,10.38264704,7.518391122,11.24907388,5.743053461,6.918928862,7.755618524,8.300926659,10.21350349,8.213796172,9.209878659,6.673617842,6.94153933,10.55746214,10.76740199,10.02358293,6.451672608,9.083920911,8.973873626,10.3187402,8.48067743,10.48822921,9.680734797,12.79888208,7.049320444,9.604300757,8.831456121,9.432696925,7.809992447,10.90332995,7.514881288,9.740808568,6.644211619,7.088163474,7.735780541,13.58452196,9.156681453,7.95150092,9.531195701,10.13822762,10.40873234,8.267547424,6.878096553,8.902281035,9.741265478,10.66224609,8.369991995,7.970948436,11.20260773
8.554118523,8.785345473,7.490304944,10.22636007,5.770335207,6.509211475,7.764768479,8.01940308,10.19380514,8.660614751,8.560014942,6.356957136,6.961963465,10.05349692,10.05149454,10.52701499,6.632979229,9.043840464,8.330426863,10.0935387,10.08222004,10.89482257,8.616079071,11.00974535,8.245743355,9.778495712,6.851183488,8.605204846,7.439151395,10.69677847,8.142947303,9.273754577,6.784779858,7.610459674,8.184424892,13.83635009,7.514309076,8.637679059,9.508502978,12.39400595,9.843517936,7.585201224,8.049783835,9.245495365,10.13152052,10.41848192,9.572568452,8.186101325,11.57668967
7.464089024,7.114687757,7.976305407,8.878531925,6.381549344,8.292490294,6.254420502,5.627232959,7.008759197,7.023826141,8.111492635,6.974101416,5.496740405,8.055135338,8.997042197,8.188577216,6.448511878,8.154050219,7.782085992,9.657607185,7.577000195,7.869790413,6.328876009,9.178185076,6.20155968,8.168752659,5.307591795,9.780410085,6.905921206,7.65200799,9.170962008,8.521489245,6.976781355,6.942594537,8.745017336,11.69975733,5.224723068,9.058678034,8.780744988,8.19931093,11.84379723,6.625952505,5.715634626,7.963045681,7.493065349,8.65669807,8.302012658,7.697918703,9.655609144
8.636797179,10.27536212,7.302324061,10.83545825,5.903784079,7.592160674,7.94812932,8.60089645,10.11139713,7.900297637,9.091197362,6.525111102,7.070271233,10.26114474,10.61200091,10.44020905,6.450452908,8.818832852,8.659906645,10.27962102,9.327834345,9.55906415,10.63703927,12.6559834,7.308756787,9.419498814,9.361088846,9.80974295,7.152960703,10.28081923,6.40772576,9.674200297,6.714864027,7.196809443,7.728706927,12.89613745,9.483543063,8.341558204,9.599424361,10.95201972,10.81828163,7.800477116,8.352976187,8.903392894,9.555142068,9.75253333,8.892760009,7.868255553,11.22086156
7.517547924,6.23752432,8.293008433,8.51107142,6.868103394,9.369835398,6.512963246,5.634606942,6.801947177,6.853586876,7.816187971,8.682515827,5.337957245,7.566153333,8.110222619,7.992353048,7.373881226,8.237981793,8.130450784,9.590702079,7.18770418,7.322858996,5.8438246,7.208859981,5.74449222,7.718691143,5.049583221,10.38817163,6.027704383,7.472365309,12.09630215,8.934419169,8.332210407,6.530635138,9.131026196,11.45539718,5.017619255,9.451354735,7.996445099,7.34264386,11.42047746,6.499491024,5.467910516,7.573996438,6.403905793,8.731378379,8.010073844,6.978632977,8.882765696
7.460774172,6.351494032,9.600988583,8.571027405,9.427584807,8.639314049,7.013110858,5.778786201,7.271187751,7.178197529,8.063918834,7.073389517,5.638635261,7.782812151,8.677899031,8.249048352,7.140556617,8.574719156,8.23345474,9.745218116,7.718443442,7.88850328,6.081748815,6.97350455,6.037467346,8.366006789,5.385797672,10.5580176,6.414474311,8.223392563,11.52823025,9.101350693,7.427345751,6.715928475,8.038744361,11.83992461,7.481645309,8.493196857,8.41432435,8.385030498,11.49219306,6.700564049,6.597185258,8.174672993,7.112195812,9.192991416,8.064167437,7.385361064,9.560289261
8.100926359,10.42523258,7.110594003,10.54639341,5.620667867,6.988505225,7.54928794,8.806210118,10.51093359,8.417527052,8.443869992,6.705191207,7.148865166,10.41448212,10.22326847,10.78409206,6.512008174,9.191975219,8.54202849,10.34985259,9.513596466,10.91032719,10.12255029,12.78782682,7.527641266,9.554495573,8.892445593,9.387652256,7.629385843,10.23915656,7.397186126,10.04813,6.691660123,7.763832105,7.421523827,13.48160708,8.721617915,8.297680694,9.453932071,11.58719699,10.89377824,7.40252077,7.64748254,8.941780411,9.982182969,10.13128481,9.632027597,7.848484656,11.47127416
7.697049001,6.545506383,8.535288773,9.012905426,7.679587603,9.609028698,6.410989416,5.667115748,6.882757993,6.787352423,7.732129672,7.17070854,5.656484708,8.675056912,9.674454756,8.301037205,6.899929767,7.811027884,8.132094346,9.100743067,7.545121792,7.505476739,5.893752416,8.071817724,6.037014071,8.579298642,5.229454552,11.04796889,6.040730564,8.710732552,12.59076722,8.304844094,7.030594886,6.480661326,8.380552857,11.07252654,7.442934755,9.02014938,8.662254306,8.42698067,11.41700882,6.759633968,5.421808983,7.745107315,8.022733192,8.931416593,8.648510191,7.067536906,10.1295278
8.247769761,9.594426635,7.17847521,10.11666197,5.875369289,7.155661589,7.220885454,8.342926006,9.744144624,7.613012759,8.534974011,6.436668782,6.96871042,9.904718236,10.49124532,9.860500286,6.807852571,8.939561763,8.614805405,10.1753404,10.06815798,9.695724959,9.151427817,12.0752222,6.708416069,9.440449725,8.274697497,9.149632395,6.89958219,9.745716229,7.23828811,9.589349134,6.978779156,6.776874729,7.545702899,13.06736133,8.47057255,8.358630407,9.691402574,11.61637376,10.61845028,7.612436927,7.080406654,8.647266117,9.537988827,9.706646624,9.986451955,7.86408082,11.08892525
6.965252174,6.072174179,10.87787412,8.158487026,10.18209546,10.2803745,6.694260791,5.690205899,6.601897472,6.734107026,7.879697883,8.090129833,5.364415422,7.06837981,8.571612689,8.171397314,7.162043038,8.11988491,7.969694211,9.395379781,7.241728542,7.026036832,5.611665939,6.712576727,5.777778294,7.870631544,5.063370814,10.32305989,6.135666794,7.48980626,12.33393872,8.673772684,9.416222187,6.570947392,8.507340169,10.8273293,4.917735591,9.111529812,8.032546045,6.97034996,12.00879686,7.048682203,5.676366806,7.492638774,6.185060394,8.655812883,7.950123379,7.044038226,9.176262332
8.386509344,10.60419012,6.464265434,11.15502738,5.671976515,7.238455749,7.507395015,8.509336467,10.33260936,8.622211361,8.717845238,6.389431712,6.25108425,10.40683759,10.51298003,10.26058528,6.334242732,8.967725843,9.14057565,10.33595727,10.01202,11.62612882,9.497735249,13.22618782,7.470546064,9.814418967,8.119463076,9.482642666,7.186702455,11.09800453,6.417708499,9.45565401,6.526733597,7.037042038,7.401971318,13.4406623,9.791267746,8.324664291,9.723779244,11.50795285,10.93833394,7.728640118,8.117455913,8.944362076,10.09420634,10.20519038,9.074770085,8.007474474,11.2160668
7.15513405,6.455119592,9.150274183,7.760987453,8.565739288,8.07246986,6.824356607,5.825424068,6.96557235,6.854914735,7.949103037,6.98039202,5.697639402,7.933281144,9.126774851,8.313934005,7.702182298,7.893126858,7.717099565,9.380526136,7.465127532,8.161441134,6.601676082,8.180525189,5.856167423,8.292358307,5.537088494,10.06040871,6.452297624,7.957458422,9.201310714,8.394638171,7.162285183,6.840328078,9.273171223,11.01663573,6.239257711,9.052927617,8.485706667,8.692199434,11.8797597,6.837069042,5.997152732,7.859678152,6.944158452,9.076711198,8.286105334,7.165203913,9.655987069
8.34803747,10.63052639,7.069289298,10.81849447,5.607180591,6.830483676,7.327295705,8.667112379,10.2527368,8.075420548,8.638840921,6.537033024,7.092048235,10.16737455,9.855173466,10.28057831,6.839018929,8.842700771,9.481966872,10.17392753,9.387756674,11.63240613,9.556696255,12.9345263,7.859638232,9.650271707,8.43892521,9.147398399,7.143083252,10.64798941,6.430000055,9.272136356,6.961394628,8.002108837,7.999988314,13.56076799,9.729043592,8.283674363,9.52495298,11.09742506,11.04329122,7.378285558,7.478392223,8.167287761,9.852807468,10.17337616,9.198638227,7.778931246,11.4967006
7.6923915,8.267515628,8.659300705,9.411785733,7.206202043,8.653838085,6.923429008,6.617743594,7.71529121,7.448881065,7.819306277,7.350479371,6.293641182,8.524729068,9.402461475,8.906732198,7.203311096,7.951996653,8.251569095,8.964363698,8.432306116,9.489381484,7.776804737,10.64339099,6.122888242,8.324588437,6.130208261,9.221300095,6.89958219,8.604498004,11.10666289,8.413597272,6.684343902,6.87533123,8.201927456,12.14247036,6.911303371,8.992283359,8.570952711,10.26269508,12.06750453,6.964180347,6.044188606,8.34336717,7.621813705,9.06542215,8.634755406,7.163724446,10.42590265
7.57852912,6.346031099,10.52293953,8.130348296,9.751080338,8.741754196,7.007032984,5.441992324,6.983205711,7.128782826,7.89559581,6.807496381,5.680468893,7.991542209,8.815055766,8.421814688,7.202061675,7.40678406,7.907845745,8.881219972,7.388507666,7.035733434,6.217030204,6.278461217,5.870896331,8.068657407,5.002212856,9.666551159,6.514987699,7.618065755,11.86943836,7.989401486,8.021442132,7.12357515,8.453217371,10.39446619,4.882261263,8.726271366,8.32026232,7.699997222,11.94382078,6.974755618,5.942878315,7.742552983,7.275206344,9.232767995,8.408163315,7.818837288,9.79141734
8.92123157,10.03447399,7.469678223,10.79296617,5.716380897,7.450085659,7.42553319,8.124875817,9.733308499,8.565940171,9.143390982,6.644588039,7.415056679,10.58003469,10.12144716,10.34773569,6.211571206,9.29968212,8.42788717,10.83157575,9.77994889,10.3321072,9.973182002,12.63237385,8.122097625,9.319625943,8.105833599,9.392136169,6.86204259,10.7555853,7.404735248,10.06279838,6.669935669,7.263501376,7.84595143,13.41085257,9.098377892,8.451149963,9.581345445,11.57808865,10.48472758,7.557769318,7.421932551,9.344281943,10.19319168,10.22410694,9.937115978,8.044252654,11.35377808
7.261902406,6.511481656,10.11251751,8.505122813,8.998537923,9.191088892,6.739704735,5.83440044,6.952021878,6.86217371,7.934999074,7.734973836,5.611123322,7.443131162,8.509321472,8.780974421,7.949887743,8.065169518,8.239226656,9.502992666,7.345076296,7.553579938,6.089750291,7.543390003,5.931540738,8.206616046,5.259259585,10.73533733,6.175352765,7.996663636,11.9115508,8.621767968,8.662609609,6.589096014,8.532484175,10.88811815,5.180462953,8.973142557,8.169795608,7.531945642,12.10624952,6.771667389,5.766182049,7.752234447,6.894339761,8.859114403,7.988287337,7.045412501,9.30537274
8.809150597,10.65613801,7.056377053,11.03582434,5.691676801,6.889362913,7.380559092,7.395930418,9.310346414,8.398441734,8.669542211,7.046425274,6.935090662,10.43514456,10.04888074,10.23467235,6.268843056,9.410414252,9.205130044,10.7717021,9.140090252,11.41074075,9.479603687,13.06910914,7.379700635,9.692869826,8.51076499,9.342415307,6.874174747,10.3052374,7.938899012,9.930128159,6.821646722,7.533282436,7.703731766,13.53623811,9.548095955,8.458568079,9.500871424,10.51036586,11.01977325,7.591904606,7.376871039,8.610503856,9.567549458,9.854063121,8.754001608,7.919185339,10.93072893
7.266947889,6.408517393,9.622406085,8.139769732,9.519464559,7.557949427,6.950654012,5.878450325,6.711114279,6.778053249,7.764250826,7.695690976,5.350837487,7.851882066,8.337100998,8.080191243,8.029999751,7.842501805,7.999779575,9.298341273,7.261985112,7.23441372,6.055039674,7.819870357,5.713607903,8.056290478,5.291206778,10.40589324,6.311480272,7.811190803,13.16649786,8.547457823,8.733001528,6.727745395,8.20033676,10.887059,7.009168782,8.929614152,8.223264811,7.263849588,12.24930957,6.804260895,6.084255222,7.985770795,6.495514311,8.791891478,8.111241094,7.24104629,9.278600835
8.301222757,10.25012113,7.439617526,10.68283977,5.88273653,7.289706325,7.745244464,8.868761964,10.57511569,8.45139243,8.586368951,6.388351164,6.671196048,10.30354863,9.782861878,10.15438115,6.531279202,8.957065294,9.010057745,10.19217085,9.809998389,11.94704425,9.324423683,12.86044045,7.709057542,9.457356917,8.24533018,9.379020971,6.936586672,10.11925874,7.010433205,9.392298988,6.817266618,7.811963724,7.740575852,13.52409469,9.165942948,8.539996595,9.672175165,11.066822,11.24374648,7.101792924,7.273025452,8.518743679,9.791771744,10.40904746,9.587386242,8.103984919,11.48945768
6.976406127,5.955483367,9.506841456,7.895577445,8.383146448,8.711967111,6.521133199,5.463217412,6.471482598,6.66431444,7.612845596,8.04136872,5.423838279,7.136199382,8.628504657,8.018545831,7.024412451,7.940076207,7.669265237,9.378711982,6.766516427,6.283283744,6.440249982,6.88926,5.672903229,7.231024127,5.380016378,10.31616929,6.121897745,7.264589942,12.70651611,8.511594387,6.810854041,6.50926203,8.335375831,10.5279095,6.321028754,9.127265919,8.227965257,6.728746417,11.6602346,7.72115863,5.16568426,7.392089748,5.821285651,8.535180554,7.632415577,6.94658124,8.961554919
7.441168785,6.712962418,8.405756727,7.760904286,6.402544519,10.11672082,6.888608403,5.939432992,6.876774061,7.028102839,7.668692614,7.895643519,5.407864105,7.238496248,11.05168695,7.741873654,6.959891637,7.859809338,7.871436053,9.063369444,6.775908014,7.105771516,6.352192502,6.685123925,5.952403193,7.966720569,5.516402351,10.12892838,6.696650855,7.690534574,11.41018616,8.331362016,7.378235197,6.563358565,8.850690464,10.69241345,5.866914903,9.816533476,8.179767818,7.251964802,11.59650758,6.833038979,5.413573326,7.517721631,6.121613247,8.773330513,8.203623478,7.233691121,8.872254889
8.315593469,9.645454288,7.658163491,10.0521294,6.411480377,7.103708476,7.37068902,7.724600101,9.812573916,7.649171343,8.655558646,6.832385501,6.816986889,9.724359236,9.741995758,9.437237522,6.681329715,8.928163075,8.475651882,10.13520853,8.459184013,10.84599711,9.180892911,12.16632717,7.034555202,9.412915257,8.163197238,9.398915685,7.284739128,9.758191932,7.294331729,9.512521398,6.695877566,7.183211782,7.722907714,13.10531044,8.912546514,8.466747403,9.071749948,9.815074387,11.16727101,7.772529955,6.658688431,8.348210668,8.883593907,9.447252261,9.483240794,7.525257733,11.15601533
7.158367573,6.062517835,9.952202519,7.47699331,9.177568398,7.726133077,6.670855803,5.657856158,6.762992233,7.016647388,7.63050985,8.261335209,5.726031838,7.909373589,8.734475677,8.183499051,6.908464119,7.742533511,7.645695861,9.214173196,7.050530389,7.106804127,5.793319435,6.695042585,6.03129757,7.756266405,5.133402098,9.576042083,6.301106013,7.855117937,11.77905869,8.344704019,7.599489837,6.586378046,8.6928806,11.27816122,5.146305911,9.518655536,8.011468514,7.338403406,12.61075451,6.755650754,5.754287503,7.649778797,7.605783655,8.880965298,8.15410248,7.000184241,10.2944426
7.952308243,8.600230396,7.391392417,9.794251363,5.896012909,7.107418072,7.046646482,6.518165438,8.189405299,7.199193116,8.258223852,6.67052795,6.326419025,9.168235953,9.682970922,9.057676394,6.999632781,8.300439659,8.268680598,9.704481419,9.105343379,9.590965035,7.662869734,10.94083954,6.623902005,8.543955072,6.656558844,9.273967489,6.521740595,8.914400335,7.229010084,8.968388085,6.91037344,7.156148181,7.923177113,12.31817958,7.955654973,8.498603258,8.661415143,11.28327177,11.39754656,7.372534254,6.659819474,8.191460938,8.64663468,9.183677782,9.062361236,7.516267268,10.81495518
7.043205983,5.897985194,9.386741117,8.124776856,8.517594932,9.894351133,6.472114852,5.30226892,6.636121672,6.538605461,7.721357817,8.283564535,5.584844165,8.004390909,8.449058617,7.842973432,8.248317856,7.643433405,7.663131616,9.139006414,6.804884378,7.055338002,5.714723654,6.585297588,5.881830161,7.635543966,5.088821678,10.36174443,6.123031474,7.675736937,11.38507163,8.261551355,8.474118886,6.340705945,8.469047388,11.14393205,5.066516242,9.136792162,8.255804206,6.583591403,11.7119746,6.926518433,5.465921681,7.416474286,6.974731724,9.251542114,7.725404217,6.877165125,9.234798334
8.741789172,10.68269219,7.054436378,11.07355359,5.733491879,6.971057051,7.789885476,8.583628999,10.53799773,8.361711468,9.030883027,6.913475421,6.674502085,10.48199327,10.42442155,10.2268016,6.812208746,9.275582501,8.776035081,10.5420535,8.856913195,11.59075971,9.561354211,12.73281096,7.164713438,9.683134515,8.820725394,9.625772431,7.673583436,10.71885286,7.014811684,10.09999555,6.828101897,7.84666998,7.66526462,13.71504625,9.515758776,8.409666015,9.397682026,10.57319751,11.1127157,7.183449515,7.922052506,8.969776799,10.23262575,10.49876819,9.464702035,8.005297569,11.49326
6.812981155,6.665463487,8.115750195,8.980630467,7.037526273,10.02215401,6.434033791,6.457383449,6.798823043,7.17576246,7.60106464,6.953547662,5.450547869,7.281855777,8.225255676,7.820781926,6.502439271,8.299397123,7.904056422,9.395523511,7.397760485,8.437647838,5.633082567,8.171248293,5.698986531,8.502818363,5.320328034,9.913659419,6.532252675,7.572078206,11.72112822,8.745378891,9.340885643,6.727498172,8.529023441,11.26822279,5.256513886,8.69969862,8.5428904,7.574080448,12.1486181,6.547129518,5.762458014,7.69390277,6.627692653,8.577452762,8.001806909,8.022246308,10.00452201
8.328489237,9.509770572,7.435201482,10.92527966,6.142981822,7.346378635,7.463973063,8.114513678,9.736289384,8.573204566,8.485786886,6.756858602,6.904943451,10.16956676,9.893426471,10.0209826,6.338807523,9.171206303,8.925166762,10.51887087,8.812111016,11.41616809,8.787026205,12.15960516,7.405437119,9.55995523,7.393634047,9.272495119,7.141357155,9.966580581,6.5792273,9.524394037,6.546103774,7.394651986,8.062074264,13.19167059,9.138042481,8.473389412,9.511651446,10.53673143,11.31428149,7.431719609,7.131514867,8.297571391,9.246376094,10.19213989,9.281833929,7.680023969,11.3869752
7.777880055,6.384810655,8.736736043,7.613782407,7.302935213,7.759290149,6.933644773,5.657644203,6.980866939,7.090477111,8.012955063,7.492094942,5.291347236,7.886882661,9.826022733,8.198334772,6.659025788,7.516173836,8.080619565,9.186941106,6.95790457,7.328753145,6.24430051,7.759076467,5.792943074,7.791202423,5.24485365,9.575497251,6.336279903,7.511059464,12.93593748,8.010487801,6.946474664,6.71992844,8.965498479,9.945022013,4.928397731,8.961674529,7.947284186,7.486483786,11.42385101,6.792241765,6.067275218,8.124996642,6.050899121,9.120874394,7.998594263,7.686932128,9.001312357
8.42777914,10.91890146,7.234581115,10.84600512,5.765427931,7.13546178,7.312472308,8.229113527,9.798489955,8.587606129,8.818863031,6.626922744,6.678889709,10.45987833,9.722392146,9.84313168,6.550924928,8.938372266,9.098562991,10.31163362,8.893623281,12.22023033,9.744317843,13.03748609,7.030446654,9.630555268,8.709170785,9.638210614,7.140042868,10.79843795,6.417413232,9.767764639,6.597500392,7.961999848,7.710448285,13.69490256,9.888236555,8.463751705,9.507431587,10.49790823,11.16822698,7.683553507,7.517464468,8.447394719,10.43400088,10.08953162,9.799086626,7.724831994,11.61429712
6.884408808,6.83719602,9.815308325,8.453072117,8.920814911,9.944556457,6.075346349,5.664384078,6.837841554,6.709323532,7.661579711,7.332560045,5.228111122,7.262164113,8.331908915,8.273637332,7.804354957,7.840201379,7.982942913,9.1193452,7.131152144,7.728611166,5.751798192,8.210002192,5.558273171,7.743871586,5.200389816,9.465547258,6.256492547,7.69405933,12.05959984,8.313244804,8.695396755,6.434366409,8.446072174,10.87473326,5.668573774,9.210304845,8.130366884,7.644964536,12.44584344,6.608186993,5.680011612,7.290526477,7.043073405,9.048966414,7.67366658,7.107441852,9.776664478
7.162088387,6.433353887,10.48015101,7.208034475,9.935596128,9.08996242,6.672342591,5.304479527,6.962457977,6.890900452,7.729605833,9.042539727,5.495272152,7.26020395,8.965142441,8.468518335,7.187136636,7.59485506,7.831715053,8.777785753,7.068848037,7.087000974,5.799361922,7.251408192,5.807584896,7.704241924,5.112707592,10.39870897,6.329965459,7.600731903,11.80973882,8.107912314,7.586104946,6.610103037,9.529156652,10.37924394,6.587347461,9.80650146,7.4708962,7.596551268,12.06803256,6.922907541,5.402874201,7.490635035,6.167611209,9.61752015,7.946919237,7.015055662,8.896449802
7.993228396,9.260139828,7.362965935,9.855745993,5.689065651,7.134879362,7.578733894,7.823466853,9.631551108,7.703114578,8.472066314,6.664754652,6.132530257,9.810967444,9.397155089,9.347653326,6.599007206,8.763570729,8.453532506,9.888255228,8.781252052,10.64543069,8.152905524,11.9795063,6.781484369,9.082516964,6.743993165,9.145038108,6.971787905,9.911033052,7.608888797,9.156711055,6.85716758,7.172713113,7.871212523,12.78640697,9.077990426,8.837676034,8.797250248,10.70286485,11.07499158,7.400989561,7.612930082,8.540205274,8.798919716,9.694125842,8.952212631,7.585174354,11.04548493
7.937047597,8.486506633,8.015338724,9.964278888,6.053562456,7.563215467,7.881246362,6.736261824,8.25652004,7.98342812,8.105188281,6.885018043,6.286911334,9.691801542,9.620007424,9.291920779,6.775201671,8.542556011,8.317424197,9.284486679,8.888461666,9.067299965,8.373694624,10.72321194,7.061393129,8.915662469,6.077305325,8.802645074,7.294444122,9.517953538,7.496933014,8.88684259,6.960788146,7.470942034,8.461698001,12.47179823,6.492515366,8.177680506,8.465625536,10.98055253,10.07860927,7.150506081,8.039098659,8.529886051,8.082772822,9.781001694,9.633394176,6.818619572,10.12829644
7.161284699,5.772862833,8.89922049,7.651184332,7.426254258,9.134528296,6.992123764,5.48434288,6.614221577,6.880311654,8.019694674,7.86116601,5.267890508,6.131751415,8.481784462,8.348271284,7.623827491,8.228810174,8.292446257,9.173363632,7.325845771,6.424697105,6.472085889,6.768387507,5.453609841,7.049525492,5.369319027,10.89918268,6.022217469,7.529115577,13.34023242,8.469531533,9.166208283,6.373405891,8.922802956,11.54993721,4.750159681,9.295397868,7.980926402,7.226306398,11.84911723,6.778860162,5.632641666,8.002327681,6.689266543,8.924410064,8.170760889,7.479590646,9.310383962
8.165890536,9.552576743,7.824464557,10.03731792,5.711060425,6.814818073,7.159704365,7.77360567,9.297959825,8.147688402,8.345192124,6.822049255,6.258815846,9.685378814,10.53327586,9.443143543,7.233859849,8.319001099,8.719700742,9.908235134,9.363702618,11.24231977,8.756081386,12.35869814,7.050084538,9.0250265,6.972408473,9.320746719,7.284123941,9.705353009,6.817841196,8.97156061,6.843326327,7.639175612,8.235315015,12.76222252,8.596535505,8.764372444,8.923165593,11.20489984,11.00268356,7.422183276,6.961416092,8.247933495,9.006276578,9.628524223,9.504485545,7.980608171,11.12822145
7.224885905,6.283199887,9.995134504,7.928221238,9.242467277,9.60212863,6.739741856,5.367585345,6.939746431,6.924506812,7.927590883,7.290233232,5.428611035,7.286629892,9.48022808,8.074109675,7.012085752,7.751073066,7.777724216,8.976811695,6.961299846,6.439677063,5.998011294,7.228421354,5.913640632,8.011603376,5.063580011,10.32117194,6.191494351,7.281024434,12.84056703,8.212175282,7.773764109,6.680711114,8.845276481,10.83997503,5.2781707,8.814569057,8.117362171,6.858443249,11.5133801,6.985656481,5.578216396,7.701975929,6.110082494,9.689299497,8.093388629,7.103651644,9.05043911
8.865593481,9.68740835,7.236784241,10.48625579,5.920094259,6.87459665,8.251028634,7.17694885,9.055813741,8.094634394,9.232031391,6.728135188,7.5489594,10.42888981,11.14952794,9.232645627,6.685152719,8.77910176,8.080830321,10.04668001,9.401641804,9.497001748,10.62459696,10.64975589,7.192427371,9.215653715,8.989201826,9.485209539,7.659298594,10.85918876,7.462453566,9.591275298,6.728927863,6.852326184,7.133152527,13.69191183,8.514719615,7.753122211,8.944525566,10.667278,9.841410214,8.936371549,6.693714721,8.837660619,9.596078419,10.01526964,10.00620942,7.71860933,11.31688123
7.25340956,6.069365469,10.14184721,9.242295084,10.60938655,9.464998479,6.624853567,5.826596414,6.814882344,6.782181952,7.708819584,7.382939714,5.294913965,7.302792171,8.838457328,7.880453773,7.648088884,7.449746239,9.025816406,8.619260712,7.108533789,6.161657027,5.839750447,6.560791085,5.756835427,7.668869454,5.118334341,10.35363072,6.154583143,7.457721963,12.74269851,7.97193287,6.796601538,6.422820133,8.301746855,10.39702284,6.55071749,9.482093893,8.106437248,6.925647567,11.64680726,6.535163615,5.200792428,7.403738649,6.932759656,8.414329309,7.611558267,6.848148073,9.240505056
8.096978331,9.15418956,6.904628479,9.887614882,5.692213907,6.993979767,7.090261087,8.205707398,9.893222648,7.698928758,8.28839974,6.905744947,6.481302971,9.573324854,9.599985882,9.509210918,6.419952757,9.030827109,8.618658641,10.37059444,9.175039884,11.28344878,8.257685457,11.40578407,6.658868879,9.012309381,6.708958528,9.342673038,6.708269261,9.676419649,7.392793732,9.691927112,6.86188374,7.28851682,7.48743663,12.87889409,8.704820917,8.802854988,8.958668008,10.55084377,11.14457755,7.576151326,7.109937056,8.332029776,9.471890531,9.480616187,9.681458756,7.319351608,11.27832365
6.407641428,6.014625461,8.368871573,8.445989493,6.730064145,9.418894881,6.914458881,6.100416321,6.736462772,7.603355396,8.163772858,7.00801714,5.133409002,7.498181792,8.52955692,7.938146757,6.252499249,7.727711398,8.282842085,8.997046982,7.21810071,7.204663748,5.937504987,7.3386497,6.141014723,8.052943262,5.489844938,10.06471762,6.808211188,7.46650814,12.36625974,8.288638,8.067964224,7.07899543,9.509336883,10.88864665,6.020852539,8.810402548,8.925802048,7.239356525,11.81867939,6.976372372,6.035039711,7.276480796,6.882125899,8.61687197,8.304734412,7.054060412,9.70619142
8.605740955,9.260540225,7.320180957,10.1332826,5.845563861,6.942911039,7.588061898,7.572544927,9.341645821,7.731324588,8.593306522,6.96658465,6.673577036,9.598518776,10.29845621,9.576657285,6.496990809,8.308801567,8.691431815,9.662948095,8.351954174,10.81810427,9.113948355,12.32035415,6.824701117,8.741602343,7.604171932,8.851423884,7.080992856,9.660301388,7.393709374,8.849877831,6.732557997,7.358174132,8.108870649,13.16014884,8.593105955,8.433551735,9.340445215,10.33876529,10.14701116,8.000741523,6.846888755,8.826407217,9.434051573,9.797129759,9.10861013,7.758603228,10.80945869
6.56281531,6.251960722,9.519185804,8.129807138,8.239228556,9.643940594,6.624304751,5.585329166,6.876160634,6.915554147,7.791113436,9.56827666,5.490458132,7.664405921,8.234509644,8.547169073,7.457333744,8.011543136,8.062971306,9.093967079,7.159851479,7.006871901,5.827459512,6.718040199,5.908298565,7.952166118,5.331272233,10.32178434,5.999666781,7.666934876,12.16080714,8.477266352,8.455977078,6.748213361,8.824088023,11.29020815,5.190841929,9.695392712,7.926531442,7.298532507,12.369232,6.943254014,5.406957551,7.55564219,7.084323194,8.7694262,8.275258504,7.179611765,9.56839769
7.247102577,6.550939843,9.963867476,8.5055958,9.882200587,9.433094874,6.203548644,5.592807725,6.996548314,6.816111106,7.52304868,8.339415733,5.611854803,8.356367554,8.165088121,8.236080225,7.269639547,7.541898548,8.00012148,8.878291146,6.941882184,6.861312561,6.161583652,7.452107859,5.921131367,7.984582819,5.507739633,10.26333049,6.092628397,8.605700669,11.36891816,8.181399725,8.41064681,6.350780257,8.355630969,12.08902012,5.587341144,9.931929855,7.773646402,7.218484247,11.7982408,6.803563126,5.270651659,7.585325962,7.431711346,9.252604764,7.779526129,6.965853759,9.855346646
7.377980351,5.772552713,10.15672798,8.298623716,10.0159368,9.908458172,6.669883237,5.369626476,6.847978052,6.611904616,7.940350261,7.83577064,5.696635404,7.883561157,8.664088243,8.428638856,7.670665134,7.422902984,8.064457647,8.831420865,6.9584869,6.961146799,5.907298347,6.692223825,5.716948849,7.846677012,5.185448136,10.2204622,6.187524929,7.595264376,11.6144326,7.949576462,6.972240544,6.358323304,8.443970814,11.68828619,4.810955883,8.821789504,8.012207851,6.819718856,11.75624718,6.956947941,5.315840411,7.762310713,6.735404285,9.212192659,8.10492957,7.110195803,9.505635163
8.474951689,8.679930325,7.338092779,10.03029047,6.073405626,7.174738101,8.001931727,7.556867282,9.890647367,7.654225346,8.507016244,6.808048086,6.513303118,10.06476331,10.24864253,9.675558914,6.550627252,8.743004389,8.514716587,9.861894792,9.426106572,10.53534843,10.01242648,11.03336973,7.279185915,9.196928031,8.816825127,9.582139951,7.115527301,10.26572407,6.790764034,9.46365323,6.82496784,7.380490954,7.059394713,13.499375,7.710410641,7.916567705,8.874586821,11.04417876,10.81311659,7.972777029,7.151343829,8.411921415,9.729196097,9.95527004,9.423834985,7.588471519,10.91459127
7.037581715,6.338615631,8.165538869,8.154794114,6.852199067,8.790696193,6.430116259,5.360453765,6.831787409,6.812150614,7.833328737,7.746577218,5.352631292,7.37654761,9.023322286,7.999110842,6.812150614,8.02837763,8.076320895,9.310916534,6.941861216,6.45550553,5.825960436,6.456124701,5.831176513,7.869339762,5.172071619,11.12923593,6.016733089,7.37397654,12.88836497,8.725485216,7.994524791,6.433380102,9.285497737,10.37103712,4.958570231,8.997171519,8.345384002,6.884028644,12.16765688,7.061607923,5.418092565,7.523147163,6.007940638,9.099937473,7.82846405,6.817100244,8.764637562
8.458172604,9.182449059,7.405118575,9.868615712,5.801109366,7.004432501,7.523119591,7.732730082,9.432603003,7.686244263,8.693817981,6.737713217,6.574390784,9.616036176,9.69571327,9.190989235,6.724238562,8.770487089,8.495927568,10.02268764,8.668608356,10.98554027,8.849341998,11.63679199,6.833503908,9.367232953,7.970307234,9.33930401,7.015200915,9.766029463,8.526551826,9.319636872,6.811126525,7.444208879,7.726516235,12.98135883,8.292419962,8.420531714,8.916597718,10.72735281,11.25759726,7.712018028,7.186981458,8.680473289,8.922002908,9.622997624,8.749337164,7.819480957,11.00565919
7.034029762,5.964973633,9.531167567,7.301743285,9.616076484,7.908102436,6.511981191,5.416541025,6.759333157,6.466439091,8.074741542,9.943282677,5.385350908,7.3011373,8.429088752,7.959645825,7.934948478,7.36617934,7.917272868,9.02558686,6.764778392,6.34813111,5.75562858,6.585482223,5.847802379,7.68377492,5.01777459,10.19681077,5.585265234,8.053170747,11.90671475,8.047397517,6.731091316,6.585976377,8.581328084,10.43397606,4.997611088,9.344935464,7.163738327,6.969229738,11.65909135,7.257498406,6.937596561,7.531771039,6.538803079,8.857971675,7.824164143,6.973605543,8.864955071
8.344946847,9.966778465,7.023334742,10.56858752,5.85994098,6.859486549,7.680866917,8.424786086,10.07331317,8.150511928,8.943101223,6.643029445,6.842067724,10.17507875,9.679607457,10.00207052,6.879741807,8.992574717,8.83646558,10.25749312,8.86122631,11.28079862,9.624073731,12.30500758,7.670658518,9.074629688,8.629069511,9.397617106,7.661746498,10.2804121,6.749566156,9.758260894,6.889061222,7.213579088,7.682472576,13.28537705,8.562436889,8.136137645,9.158284948,11.08759856,10.68096482,7.713592165,7.461219728,8.665256713,9.541284458,10.14274175,9.484469184,7.986409322,10.99790897
7.290408267,7.804893364,9.46361375,8.895261987,8.406104411,7.936140263,6.815349981,6.709983709,8.027536227,7.22232203,8.008021976,8.116542506,5.733024972,8.349372965,8.723740998,8.571555005,7.139763272,7.924173055,8.362546919,9.457628037,7.837736003,9.270511478,6.189380517,9.63968345,6.265586775,8.355676244,5.645045145,10.81730527,6.595427153,8.350148141,11.07339789,8.543634886,8.222515764,6.989855649,8.98038643,12.00925496,7.485341371,8.715002416,8.522082498,8.79520829,11.87233736,6.739132656,6.382887582,7.721795729,7.631749479,9.129053932,8.192596958,7.242858583,9.437964454
7.643636469,7.849013993,7.459808868,9.650456067,5.800217416,7.45721911,6.777659293,6.894986347,8.464711275,7.422603633,8.103161072,6.845643642,6.103741611,8.934048734,8.439557155,9.572662947,6.944859242,8.309311814,8.446310173,9.591148488,9.030591192,10.54440646,6.649078205,10.07582738,7.021269819,9.412202558,5.940043909,9.733930443,6.425770734,9.100137048,9.527479403,8.839760484,6.984556407,7.126277825,8.158291205,12.31109895,7.464034581,8.890848728,8.950257987,10.27360769,11.40009571,6.891124522,6.486065104,7.996847926,9.155651703,9.536223574,9.383361062,7.475159825,10.87358514
6.787559563,6.272710596,10.00923019,8.877855402,8.070530948,9.414450575,6.650167174,5.768283856,6.678180606,7.066364964,7.685887929,7.738565024,5.530966794,7.333587419,8.190938505,7.893402886,6.719896528,7.676648841,8.148395526,8.898614447,6.864708808,6.676811326,5.780131678,6.699969241,5.907676237,8.126062979,5.194295774,10.05231914,6.052574323,7.280534505,13.3183853,8.177509584,7.138147688,6.725073333,8.407478799,10.2414203,4.899205899,9.32629973,8.108211085,6.571093224,12.04721704,6.561592192,5.622975871,7.501461941,6.503960701,8.627706409,8.076971286,7.114350016,9.827020395
6.953716082,6.282979975,7.979363738,8.238256319,6.007796791,8.906836283,6.476284919,5.931078017,6.934514252,6.795545176,8.016957906,7.931779246,5.507392846,7.407921126,8.073595743,7.965619224,8.328913739,8.150785327,8.077737651,9.384176486,7.111283211,6.735900658,5.718683982,6.661076434,5.896017167,7.926402216,5.203042317,10.40205574,5.934339462,7.262750899,10.90563068,8.716096057,6.880299531,6.754451794,8.646758779,9.893190946,5.700759414,9.335474498,7.756854585,6.288400062,11.88356258,5.750959679,5.489841692,7.518888314,6.238186913,9.354071356,7.686886032,6.878407583,8.747040065
6.954208637,6.880109132,8.770768284,8.978197227,6.72143495,8.139168147,6.799677167,5.923548258,6.995808186,7.455753836,7.851117899,6.866523731,5.327713872,7.28689484,8.207039721,7.751440273,6.911863834,7.813947371,8.512430781,9.279847644,7.73002426,7.293451959,5.525306587,7.501212627,5.973898677,8.064491951,5.240146864,10.18735468,5.942124126,7.449348719,11.2101181,8.561156498,6.765155023,6.914683401,8.768067463,10.37752623,5.620319482,9.325582263,8.08537351,7.458151095,12.82717404,6.829085564,5.864209181,7.584045699,6.13957079,9.08225794,8.101582872,6.892225396,9.683022813
8.238740599,9.636170664,7.817105151,10.83614041,5.856526176,7.254661563,7.292494501,8.009213207,9.686700225,8.701427378,8.250920304,6.509255071,6.833515989,10.42414286,10.11058997,10.3883321,6.406582273,9.458824988,9.199722334,10.65486996,9.147305648,11.55365071,9.411377807,12.19013646,7.505882293,9.718829249,7.843314656,9.407068504,7.673561191,9.42294073,5.550601239,9.957806953,6.845161096,7.292617472,7.957612281,13.15252983,9.255929152,8.740051651,9.491952127,10.17240363,11.0301224,7.214652481,7.64873404,8.96520118,9.879895646,10.13098179,10.27629362,7.946995719,11.41661149
7.062884263,6.142035227,8.934211484,7.401545151,7.755743106,8.256707014,6.688126916,5.753272889,6.711245854,7.019314051,8.339429537,7.732694179,5.227577022,7.512475597,8.921091183,7.912059428,7.011599207,7.726666424,7.89964939,8.950908018,7.009243833,6.972832079,5.678504261,7.376908039,5.727607947,7.498277629,4.98895358,10.98583204,6.268199392,7.46949691,11.24087818,8.062005552,6.965411305,6.591899015,8.867611917,11.01852302,4.954889209,8.430088553,7.868674564,7.229231223,11.50093733,6.375543396,5.607053087,7.548522158,6.123341265,8.939132793,7.97056274,6.761589049,8.470673709
6.400276983,6.454545225,10.47620721,7.7520765,8.718856848,9.915598941,6.736859272,5.52653904,6.880313845,6.959814113,7.78706025,8.625854316,7.594178165,6.561174507,8.418903677,7.848400378,8.26912675,7.865012861,8.235480982,9.21911071,7.180323163,7.840712888,5.469009078,6.961248788,5.976931402,8.01131707,5.128874845,9.995143671,6.371773036,7.740791373,12.17258557,8.424752686,7.851705438,6.786021678,8.461080767,10.91801505,4.927768844,9.099734371,8.268102114,6.876737476,12.57613759,6.37353415,5.784745104,7.176190703,6.27672149,8.57113863,7.501369261,7.218660247,8.763413317
8.431692501,10.77776976,6.880533825,10.89699801,5.774002081,7.341338201,7.361553252,8.70170818,10.33408935,8.795282078,8.590012541,6.485117133,6.653792221,10.36127659,10.3849055,10.64901315,6.49042015,8.922287724,9.343148386,10.16337721,10.0525764,12.06157744,9.625028853,13.13661134,7.7272516,9.763541966,8.197865357,9.178311788,7.517411598,11.27752789,6.502140403,9.480657337,6.771787848,8.151838629,7.682126468,13.85196,9.741360814,8.514225542,9.68881905,11.77156954,11.10595246,7.466925501,7.985550671,8.515648919,9.739859929,10.33406069,8.524121586,7.779207876,11.31877395
8.013107264,9.089652328,7.382656019,9.925971463,5.886186264,7.753652864,7.623047754,6.992415194,8.641328059,7.644826601,8.214663603,6.891889632,6.220524673,9.591995989,9.876542469,9.115761765,7.159206424,8.685793271,8.274221568,10.03394498,8.563132459,10.4337567,8.84574438,11.91467416,6.67772413,9.01721898,7.857615185,9.899427528,7.076062588,9.321968244,7.027090395,9.358695117,8.542838593,6.951295944,8.003583924,12.36200691,8.130761753,8.609152408,8.995091088,10.82304122,10.97673786,7.258065242,6.922361315,8.49884353,8.687355401,9.263496819,8.595492283,7.986669723,10.76938099
7.706238045,6.465441066,8.17416007,8.709643913,6.750167854,8.764159467,6.812996509,5.896624653,7.113493307,7.068078477,8.084486702,7.518476877,5.744547707,7.050924496,8.837876495,8.091153374,7.436809028,8.050857774,8.178581983,9.279510845,7.458065359,6.803233021,5.899582645,8.147582647,5.905377257,7.92179551,5.055424819,10.70223551,6.279775925,8.163318778,10.0310642,8.346460064,9.99062759,6.505398924,9.10033858,11.08031604,5.012066862,9.543985626,7.761347251,7.418173033,11.49314301,6.164727198,5.412820832,8.063081121,6.465620257,9.324938457,7.937878223,7.543661435,8.850071754
7.11154732,7.16708682,8.473555823,8.660677321,6.948474719,9.107237614,6.501101991,6.061438015,7.210368304,6.762039389,7.757589162,7.372311954,5.42020502,8.294519393,8.452167166,8.041171107,8.553592774,7.955056318,7.91688423,9.044952955,7.640077595,8.295153723,6.311823613,8.739463533,5.754931106,8.154993921,5.369043018,10.51735252,6.296486125,8.689087391,8.945150961,8.588927681,11.16731527,6.606097685,8.564298507,11.80076948,6.861176707,8.866020435,8.040092549,8.521295318,12.27654352,6.722729128,5.719395677,7.397459716,7.658350748,8.399958451,8.563140635,6.802125221,9.934789252
8.261352092,9.097546448,7.066956554,10.02863034,5.66039151,7.013240886,7.663621113,7.661288947,9.482022375,7.582383347,8.326269471,6.573196035,6.618061876,9.980191104,9.909838428,10.09208193,6.365843367,8.806025591,8.946259583,9.85837543,9.753739944,10.7191021,8.656568973,11.62244053,6.353532609,9.32649183,7.925944041,9.361376894,7.036804747,10.30277297,6.576236634,9.30682188,6.947991553,7.062409274,7.786102372,13.03577164,7.846005072,8.408942271,9.164578707,11.48535475,11.31928414,7.312308225,7.454408194,8.374538095,9.394503577,9.668240754,9.63543868,7.557641457,10.88707271
6.782874287,5.892089254,10.51444103,7.638657793,10.72331383,9.870581467,6.521183883,5.230191058,6.87455138,6.663253444,7.909343274,8.31082992,5.598958335,7.963767896,8.430693874,8.060657983,7.3004374,7.796104347,7.977119455,9.163079154,6.678615212,6.539863062,5.974346827,6.770951986,5.970936518,7.756891486,5.152833794,10.88266369,5.854858591,7.865126083,11.741793,8.481406897,9.690576185,6.562390492,9.153659668,11.28624767,4.943370895,9.585056742,8.007985029,6.691210346,11.73046152,6.871936692,5.376108311,7.93679988,7.260980817,9.31167574,7.946298023,6.889171165,9.437075596
8.000800051,8.65984101,7.309449424,10.25193619,5.76276219,7.451084526,7.119988041,7.453624347,9.15116949,7.415109672,8.397300196,6.754010999,6.523290933,9.599322193,9.248198825,8.927049932,6.700750051,8.680467542,8.563317919,9.917115216,8.416677198,10.23931762,8.220281279,11.41233211,6.600261667,9.05187539,6.798883903,9.799423223,6.661669235,8.694945007,6.491758039,9.252606562,6.82874915,7.002386241,7.706050759,12.55033601,7.802817462,8.560883062,9.071228033,10.07321807,11.28808309,7.22495637,6.67815367,8.269839295,8.847313403,9.300648453,9.304907266,7.804108787,10.63755494
7.570611216,6.475178707,9.508514555,7.989130317,9.64136752,8.913822189,6.543419272,5.429949978,6.956279348,6.341169526,7.842646026,9.0787154,5.881779841,7.73240202,9.08296527,8.038512402,7.243371458,7.686829394,7.758858612,9.256782671,7.410067021,7.512945708,6.139075181,8.249301825,5.672057392,7.909227213,5.61802914,10.30373216,6.006142654,8.099394318,10.10244516,8.019271023,7.402113988,6.545342421,8.709571199,11.72406005,6.916708722,9.305110042,8.225093286,7.416358902,11.75837406,6.669689069,5.561742416,7.402774264,7.382430421,9.134320589,8.182001224,7.134014843,9.291611289
7.514175884,7.717957086,7.020192849,9.058781566,5.630835939,7.977574833,6.392264108,6.244761531,7.688048258,7.313077978,7.718445314,7.201324237,6.320110503,9.058093128,8.684619061,9.42472266,6.533080529,8.319100318,8.271752705,9.580456369,7.859866263,9.059650677,6.95586378,10.09765582,6.534838271,9.212975364,6.107181107,9.856147659,5.931468791,9.47672275,8.300925693,8.904943789,7.102779889,6.884403274,7.966056611,12.21111843,7.979335492,9.031802179,8.163128346,9.607234603,11.98090557,7.194030737,6.54005005,7.917221593,8.878406757,8.99673794,10.14630186,7.167478473,10.76656427
8.614618812,9.948402939,7.575317938,10.68259452,5.981379767,7.068704725,7.363530502,7.259266683,9.086140898,7.771764175,8.312604698,6.235691988,6.141187921,9.819214396,10.43988276,9.372073312,6.298193002,9.032289008,8.594164369,10.3939057,9.836319052,10.05882153,8.471154696,12.26599821,6.859960837,9.038445317,7.002013972,9.402132026,7.385709878,9.020457555,6.917151149,9.558138973,6.88121707,6.991469165,8.094466411,12.8868799,9.107573301,8.574608306,9.720055226,10.91033103,10.84247574,7.19106004,7.270816867,8.160532344,8.41376713,9.219669535,8.903076408,8.109187396,10.61612748
8.643241182,8.446015358,7.883845546,10.57683254,5.736783062,7.084641757,7.540670298,6.964942796,9.079775161,7.878093412,8.846000723,6.449058143,7.109223239,10.19600067,8.955874025,9.70553221,6.658622539,8.035532318,8.441184062,9.382065796,8.831395511,9.256589589,9.08224377,10.64910032,7.022167925,9.20441022,6.957511075,9.264550901,6.561823475,9.752450838,7.047479664,8.827051221,6.870845475,7.090204046,8.240105155,12.89979609,7.699390949,8.27732548,9.545866484,11.15228684,9.41901248,7.671919254,6.833482942,8.718970152,9.360504353,10.18772364,9.219417388,8.054706402,10.58717606
8.685854189,10.02830937,7.408455599,9.963806383,5.905589944,6.930277714,7.048956121,7.909889439,9.846294348,8.234064231,8.586471703,6.519560346,6.395603737,10.15825005,10.01866274,9.611592002,6.694191116,8.921866884,8.247265369,9.973638268,9.370869362,10.82523808,8.502154407,12.5235986,7.594130159,8.888529639,7.031811384,9.019446058,6.957959158,10.20275743,7.388725528,9.362526128,7.026876232,7.609115957,8.402657958,12.77721716,8.329677729,8.364615603,9.051126889,11.32411873,10.6815308,7.617445264,7.749638801,8.440052261,9.262540806,9.647386371,9.002341656,7.433759533,11.15176131
7.115694121,6.404968379,10.08043255,9.405733576,9.121264058,10.09053524,6.878152427,5.716549799,6.89315979,6.875306567,7.720845634,7.281991127,5.872353497,8.448319614,8.517696835,8.298895193,9.533613255,8.526598439,8.621276903,9.669863807,7.285351456,7.591135297,5.832113568,6.84004471,5.757681597,8.122917331,5.053462468,10.3159142,6.259110413,7.674317541,11.31566098,8.931954593,9.686792879,6.509326598,8.595273276,10.94724653,5.106955179,8.994743005,7.950538058,7.568994864,12.27220443,6.727473346,5.665642031,7.706285026,6.529124084,9.274149524,7.733188931,7.134911895,9.059703805
8.429535307,10.10457885,7.645556025,10.25044296,5.951812251,6.275117797,7.614578423,8.295203223,10.24049193,8.504048452,8.512750801,6.921385292,7.12024297,10.43742343,10.18999971,10.41763266,6.292100262,9.016693704,8.750160094,10.13422474,8.779649963,11.19871677,8.339505733,12.65784862,7.014520839,9.638218403,7.390191905,8.936616219,7.485310616,10.05207597,7.458995712,9.557378541,6.656851856,7.633435698,8.091199267,13.51022184,8.775333173,8.546240398,9.362307476,11.02921605,10.52872481,7.424424866,7.813315031,8.896250583,9.72914017,10.08171767,8.88616984,8.031971214,10.90675455
6.848852715,6.074536863,10.45733012,8.320590103,10.70116274,9.037896386,6.018920811,5.446471132,6.486918742,6.929359766,7.314955766,9.377646067,5.379288732,8.398509706,8.270947377,8.694444372,7.275890613,7.76030843,7.755770153,8.952833253,6.865432033,7.354982955,5.898243388,6.638242244,5.871526067,7.809847048,5.28456312,10.25120991,5.945312907,8.488331907,12.5336199,8.316806202,7.812589165,6.693931714,8.418199119,11.59428349,4.843791731,9.43847789,7.988323159,7.632398134,12.14124206,6.897603634,5.584708795,7.858840142,8.20298466,9.082389246,9.029138565,7.114443691,10.15869617
8.40486706,9.450264979,7.131794469,10.67600729,5.783666062,7.083611924,7.22405151,7.388822022,8.865025141,7.686238427,8.533648546,6.665592882,6.843783769,10.09441276,9.618755199,9.974535175,6.611323623,9.167165456,8.977612163,10.17607792,9.617570173,10.88447349,9.253104392,11.91233564,7.070360535,9.919929097,7.833139632,9.358209584,6.999327541,9.880404816,7.161646258,9.559865988,6.707962155,7.326369986,7.525633306,12.93642905,8.529840581,8.344376122,9.103444368,11.32548335,10.91859803,7.312253871,7.135359686,8.822023276,10.19843283,9.957430852,9.410000712,8.156632567,11.16278881
6.907112513,6.634642707,11.76556573,7.935851653,10.38853263,8.568753084,6.708751459,5.71929963,6.857206362,6.853086103,7.883700905,7.299147427,5.551257597,7.038650277,8.903346986,8.057469054,6.915496831,8.389515464,7.828679598,9.624782609,7.408927784,7.021069323,5.636370763,6.598863349,5.877513826,7.795120343,5.06493225,11.02339709,6.384383004,7.638228807,12.90955336,8.605084002,7.188630087,6.765335917,8.59865007,10.80095677,5.015400862,9.615704204,8.783475238,8.079654211,12.20589067,6.734743895,6.057544243,7.571437789,6.396906308,8.875417095,7.622832979,7.09658577,9.290276233
8.860462697,10.62474385,6.574490966,11.03036056,5.659297708,7.365277975,7.856423061,8.977082371,10.66028936,8.593238436,8.820933027,6.502539878,6.843209856,10.57366101,10.22131563,10.18098619,6.585366394,9.355197627,9.327338972,10.69198682,9.776197745,11.7793076,9.239914736,13.29792595,7.363238559,9.491444048,8.041367316,9.472647869,7.320817432,11.04102957,6.123099658,10.05551729,6.738586369,7.811851178,7.935997555,13.78250736,9.735469739,8.467299198,9.364057559,11.39775545,10.85162367,7.662050409,7.126610874,8.405824058,9.965924335,10.34920699,9.464830214,8.060330569,11.66588876
7.097290112,6.698391006,7.982304786,7.854337886,6.308381669,8.983954726,6.456679138,5.541222492,6.882999749,7.122678425,8.009257716,7.753895423,5.430885521,7.188408073,8.415708879,8.245833898,7.457851229,7.583666264,8.082928622,9.256639329,7.188325103,6.717311707,6.079470182,6.925050773,6.177406847,7.90455072,5.626381339,10.9004104,6.11666147,7.434314332,12.87849652,8.204401803,7.130736828,6.371163072,8.818357408,11.04071011,4.726631155,9.574314079,8.145359387,6.359182288,11.76778967,6.61312635,5.644351309,7.799916479,7.146567229,9.253678639,7.745219992,7.236348871,9.461325036
6.770578642,6.671491171,10.32422459,7.966345168,8.853140915,10.16029896,6.306851645,5.626385805,6.770345142,7.194686412,7.764254022,8.69486081,5.584577243,7.803178797,7.947576881,9.310224329,7.341889726,8.435491577,8.021596119,9.726090772,7.3889018,8.039367618,5.601062704,6.771235842,5.865993953,8.215230326,5.034996751,11.48418051,6.078295552,7.713877611,9.735208969,9.008930719,9.786944346,6.654883927,9.578959772,11.81406819,6.325004282,9.45134173,7.771571474,7.795980583,11.77582624,6.211959505,5.026388733,7.378113273,7.656544255,9.691580643,8.234986021,6.797390843,9.65668798
6.968799109,8.583464049,9.107471818,8.259278842,6.919976139,7.66795113,6.479798361,5.853325952,6.973327227,7.124340346,8.670439447,7.356419612,5.79553745,7.512742875,8.266919293,9.105638696,6.366498183,8.815555434,8.124610024,9.884835327,7.628268799,6.585871703,5.672249001,10.61400096,5.876948127,7.739027742,5.394782696,10.3442451,6.022088173,7.382849902,10.46205578,9.353003808,6.846687582,6.493798679,8.681177369,10.85244513,8.087722914,8.873851582,8.873461934,6.780226504,12.35714775,6.318598857,5.688018939,7.876304695,6.063272989,9.027478553,8.090731043,6.881823062,9.347833473
6.832439303,6.565978683,8.267113839,8.572638816,6.488450275,9.145213588,6.759470345,5.679440593,6.76300463,7.191696759,7.876309771,7.121998518,5.724094719,9.004997584,8.480455777,9.307132941,7.278966486,7.983186517,7.759049003,9.276554169,7.824471121,9.037192277,7.016540876,7.028995803,6.693571554,8.163984658,6.478508097,10.57437012,6.333589673,8.743610733,10.89825617,8.618540972,6.94958968,6.84769789,8.002808112,12.25378091,5.10744194,8.804217474,8.012562909,9.176105006,11.5566182,6.662011026,6.743223789,7.774644324,8.453375119,9.226604671,7.957302153,8.004830151,10.57303522
6.633344839,6.171463303,7.846669224,9.368008771,5.969019885,9.874231609,6.583808579,5.597613131,6.993779886,7.102476709,7.838883686,8.308863383,5.459424569,7.205851713,7.97090853,9.34449217,7.872966326,8.139011083,8.305221032,9.377163799,7.588122637,6.755540869,5.991957753,7.265589789,5.677689411,8.184789834,5.217416774,10.9817797,6.086589742,7.800912019,13.31332361,8.392240327,8.91247961,6.104570471,9.270865977,11.02053991,5.323335592,9.379004064,7.850689756,8.324230366,12.09308256,7.332159697,5.593551967,7.539988765,6.856526069,8.997458782,8.353671435,7.17439227,9.355895779
8.09264089,9.423668926,7.77258835,9.907015813,5.727431574,7.146643413,6.788237966,8.003177898,9.979014436,8.110806958,8.204462457,6.86131058,5.815471833,9.537156377,9.719862834,9.343108769,6.902501712,8.855208806,8.584261353,9.932878822,9.846096509,11.06837933,7.61556467,11.78489408,7.277649427,9.249272978,6.954715036,8.97658647,7.293452477,9.344930075,6.920627297,9.239062938,6.827155827,7.090860737,7.949122711,12.61718623,8.174845437,8.957384972,9.280046786,10.95179524,11.86387767,7.099314828,6.968093213,7.930937443,8.703682942,9.483959728,9.012154146,7.923228137,11.10808618
6.812474316,6.549244155,10.52477891,8.759688735,9.711316497,9.462615862,6.689581953,6.089847347,7.075627871,7.129612385,7.547977994,7.546342276,6.339373615,7.994460636,8.666006636,8.278416276,7.864835118,7.981991884,8.042535974,9.313913091,7.011521399,8.671749016,6.228145977,8.015221289,6.070498183,8.556796126,5.641757695,9.728631174,6.694619862,8.049061326,11.71755763,8.466843853,8.112670406,6.662757244,8.612811892,11.52691527,7.077158113,8.649258942,9.031782168,7.744538634,11.77388247,6.936267064,6.028879085,8.078673053,7.529591415,8.818799887,7.922391374,7.021153214,10.0234716
8.281862012,10.08609445,7.119870822,10.56491983,5.705900313,6.929166368,7.042003771,7.62211898,9.485220181,8.243226308,8.665051754,6.417603655,6.365736191,10.21157159,9.670932133,9.903045838,6.44012152,9.354079515,8.774988065,10.67894084,9.807960918,11.91026897,9.466411686,12.47187536,7.520778408,9.728922394,7.797546471,9.250076445,6.91577811,10.34147106,5.901972938,9.757879149,6.637817332,7.609004138,7.535603909,13.64815063,9.256849762,8.572497734,9.325833931,11.23332644,11.28735471,7.366770785,8.161321183,8.87651831,10.4136148,10.01522462,9.407103449,7.555211761,11.29439721
6.820426565,6.451696274,10.31153376,9.276945283,8.927075509,9.197165865,6.183876095,5.632892578,6.691660484,6.916668035,7.814738429,7.38572858,5.55253491,7.619677384,8.094445561,8.055122086,6.577592872,8.647630203,8.336894918,9.802884176,7.079033842,7.71125088,5.719895252,7.125061845,5.588977143,7.768309204,5.308803999,10.29719103,6.071946578,7.411880005,12.32818111,9.207997153,7.532918564,6.545237203,8.548087078,11.18980201,6.973924831,8.826081117,7.901034925,7.150135359,12.27226162,6.092590487,5.903702076,7.488621218,6.588225183,9.214016606,7.844035385,7.072413778,9.39970884
7.383117679,7.384993044,9.497506098,8.829958796,7.926050394,9.127436029,7.162110774,6.155017066,7.294700996,7.220735054,7.857479598,7.423482233,5.362228435,8.217307027,9.343925394,8.592860078,7.12530272,8.087645937,8.35328754,9.349459037,7.868350992,8.453595401,6.583457117,9.478139678,6.218113725,8.772025092,5.231184277,10.26724953,6.67897469,8.286496965,12.24510288,8.606434287,7.151180383,6.943182258,8.920244394,11.29110295,6.388576434,9.368698247,8.394130639,8.910615638,11.91777936,7.095462151,6.266971388,7.801815361,7.808220567,8.886864378,7.974931884,6.999014286,10.15758648
8.260692523,10.26553287,7.183401008,10.56553424,5.709527651,6.761562383,7.596368611,7.807261941,9.557326564,8.723425947,8.323034885,6.632192084,6.982927871,10.33705993,10.27940443,10.31385394,6.654129772,9.024808656,8.48677831,10.30795916,9.485742071,10.81409754,9.053789354,12.74041064,7.670769227,9.55388707,7.574641034,9.034130978,7.548687345,10.29192366,6.990674063,9.64451949,6.773476923,8.034541752,7.871730928,13.2068175,9.347963962,8.448662397,9.526163671,11.47256012,10.88019209,7.278362368,8.100450429,9.190886309,9.764055101,10.09001187,9.282565158,7.626504221,11.48417504
8.112809762,10.34150011,7.4439992,10.56517363,5.553971112,6.991234672,7.642446045,7.783281116,9.945349298,8.627847217,8.649237141,6.616579676,6.475614853,10.35773655,10.05273474,10.43327942,6.831526472,9.365152742,9.091630847,10.67116973,9.812274258,11.77774523,8.452761558,12.56269979,7.456515026,9.74698215,7.574177133,9.435816075,7.312528352,10.20830433,7.080171753,9.941468598,7.020462432,7.832599127,7.822095726,13.16379316,9.148160224,8.774905937,9.505652199,10.81500758,10.80965185,7.448621209,7.727866148,9.050015069,9.902232836,10.48550257,9.598076218,7.568386454,11.37243083
